<?xml version="1.0" encoding="utf-8"?>
<!-- Palette generated by Material Palette - materialpalette.com/light-blue/light-green -->
<resources>
  <color name="primary">#03A9F4</color>
  <color name="primary_dark">#0288D1</color>
  <color name="primary_light">#B3E5FC</color>
  <color name="accent">#8BC34A</color>
  <color name="primary_text">#212121</color>
  <color name="secondary_text">#757575</color>
  <color name="icons">#FFFFFF</color>
  <color name="divider">#BDBDBD</color>
</resources>
