<?xml version="1.0" encoding="utf-8"?>
<resources>
  <string name="ApplicationName">Pixelnetica SDK Demo</string>
  <string name="MainActivityTitle">SDK Demo</string>
  <string name="EditActivityTitle">Edit Image</string>
  <string name="permission_query_read_storage">Allow CropDemo to access photos and files on your device?</string>
  <string name="permission_query_write_storage">Allow CropDemo to write files to your device?</string>
  <string name="permission_query_camera">Allow CropDemo to take pictures and record video?</string>
  <string name="btn_open_image">Open</string>
  <string name="btn_take_photo">Shot</string>
  <string name="btn_edit_image">Edit</string>
  <string name="btn_save_image">Save</string>
  <string name="select_picture_title">Select a Picture</string>
  <string name="action_close">Close</string>
  <string name="action_settings">Settings</string>
  <string name="action_manual_crop">Manual crop</string>
  <string name="action_strong_shadows">Strong shadows</string>
  <string name="action_profile_group">Processing profile</string>
  <string name="action_profile_nobinarization">No Binarization</string>
  <string name="action_profile_bwbinarization">B/W Binarization</string>
  <string name="action_profile_graybinarization">Gray Binarization</string>
  <string name="action_profile_colorbinarization">Color Binarization</string>
  <string name="action_rotate_left">Rotate left</string>
  <string name="action_rotate_right">Rotate right</string>
  <string name="action_revert_selection">Revert selection</string>
  <string name="action_expand_selection">Expand selection</string>
  <string name="action_about">About</string>
  <string name="about_ok">OK</string>
  <string name="processing_source">Source</string>
  <string name="processing_origin">Original</string>
  <string name="processing_bw">B&amp;W</string>
  <string name="processing_gray">Gray</string>
  <string name="processing_color">Color</string>
  <string name="save_title">Save</string>
  <string name="save_system_jpeg">System JPEG</string>
  <string name="save_system_png">System PNG</string>
  <string name="save_imagesdk_png">Image SDK 1-bit PNG</string>
  <string name="save_imagesdk_pdf">Image SDK PDF</string>
  <string name="save_imagesdk_tiff">Image SDK TIFF-G4</string>
  <string name="save_multi_pages">Simulate multi-pages</string>
  <!-- NOTE: .Net format notice -->
  <!--
  <string name="profile_detect_corners">Corners was detected in {0:D} ms</string>
  <string name="profile_correct_document">Document was cropped in {0:D} ms</string>
  <string name="profile_binarization">Document was processed in {0:D} ms</string>
  -->
  <string name="profile_write_file">Writen {2:D} KiB image file {1:S}</string>
  <string name="about_title">Abount Sdk Demo</string>
  <string name="about_message">Version {0:S}&lt;br&gt;See more on &lt;a href=&quot;https://www.pixelnetica.com/products/document-scanning-sdk/document-scanner-sdk.html&quot;&gt;Pixelnetica website&lt;/a&gt;</string>
</resources>
