﻿<?xml version="1.0" encoding="utf-8" ?>
<resources xmlns:android="http://schemas.android.com/apk/res/android">

  <!-- Basic application theme -->
  <style name="AppBaseTheme" parent="Theme.AppCompat.Light.DarkActionBar">
    <item name="colorPrimary">@color/primary</item>
    <item name="colorPrimaryDark">@color/primary_dark</item>
    <item name="colorAccent">@color/accent</item>
  </style>

  <!-- NOTE: different for v21 -->
  <style name="AppBaseTheme.NoActionBar">
    <item name="android:windowNoTitle">true</item>
    <item name="android:windowActionBar">false</item>
  </style>

  <!-- Main application theme -->
  <style name="AppTheme" parent="AppBaseTheme.NoActionBar">

    <!-- Need by new ToolBar -->
    <item name="actionBarStyle">@style/AppActionBar</item>

    <!-- Using custom activated background prior to V21 -->
    <item name="activatedBackgroundIndicator">@drawable/activated_background</item>
  </style>


  <!-- Common Toolbar/AppBar theme -->
  <style name="AppTheme.AppBarOverlay" parent="ThemeOverlay.AppCompat.Dark.ActionBar">
    <item name="buttonBarStyle">@style/ToolbarButtonBarStyle</item>
    <item name="buttonBarButtonStyle">?attr/borderlessButtonStyle</item>
  </style>

  <!-- Toolbar popup theme -->
  <style name="AppTheme.PopupOverlay" parent="ThemeOverlay.AppCompat.Light">
    <!--
    <item name="colorPrimary">@color/primary_light</item>
    <item name="android:popupBackground">?attr/colorPrimary</item>
    <item name="android:colorBackground">?attr/colorPrimary</item>
    -->
  </style>

  <!-- Toolbar spinner popup theme -->
  <style name="AppTheme.AppBarSpinnerPopup" parent="AppTheme.AppBarOverlay">
    <item name="android:popupBackground">?attr/colorPrimary</item>
    <item name="android:colorBackground">?attr/colorPrimary</item>
  </style>

  <style name="AppActionBar" parent="AppTheme.AppBarOverlay">
    <!-- Try to hide application title -->
    <item name="android:displayOptions"/>
  </style>

  <style name="ToolbarButtonBarStyle" parent="android:Widget.Button">
    <item name="android:background">@null</item>
  </style>

  <style name="AppTheme.Dialog" parent="Theme.AppCompat.Dialog.Alert">
    <item name="colorAccent">@color/accent</item>
  </style>

  <style name="AppTheme.Dialog.Alert" parent="AppTheme.Dialog">
    <item name="android:windowNoTitle">true</item>
  </style>
  

</resources>
