﻿<?xml version="1.0" encoding="utf-8" ?>
<resources xmlns:android="http://schemas.android.com/apk/res/android">
  <style name="AppBaseTheme.NoActionBar">
    <item name="windowActionBar">false</item>
    <item name="windowNoTitle">true</item>

    <!--
    <item name="android:windowContentTransitions">true</item>
    <item name="android:windowAllowEnterTransitionOverlap">true</item>
    <item name="android:windowAllowReturnTransitionOverlap">true</item>
    <item name="android:windowSharedElementEnterTransition">@android:transition/move</item>
    <item name="android:windowSharedElementExitTransition">@android:transition/move</item>
    -->

    <!-- Using standard activated background to V21 and later -->
    <item name="activatedBackgroundIndicator">?android:attr/activatedBackgroundIndicator</item>
  </style>
<!--
  <style name="AppToolbar" parent="@android:style/Theme.Material.Light"/>
  <style name="AppToolbarPopup" parent="@android:style/Theme.Material.Light"/>
  -->
</resources>
